{
    "m_Version": 7,
    "SpawnLocations": [
        {
            "Name": "Esseker",
            "Positions": [
                [
                    9565.3154296875,
                    73.70088195800781,
                    5462.38525390625
                ],
                [
                    11480.7080078125,
                    90.73641967773438,
                    5315.44384765625
                ],
                [
                    11148.6162109375,
                    82.2391586303711,
                    5435.01806640625
                ],
                [
                    10840.0947265625,
                    87.83556365966797,
                    5695.5869140625
                ],
                [
                    10449.486328125,
                    79.05992126464844,
                    5874.15966796875
                ],
                [
                    10738.1494140625,
                    109.1146011352539,
                    5864.669921875
                ],
                [
                    8517.3134765625,
                    98.1135025024414,
                    6003.7353515625
                ],
                [
                    7903.95458984375,
                    104.279541015625,
                    5846.5732421875
                ],
                [
                    7811.80517578125,
                    86.07241821289063,
                    5737.38525390625
                ],
                [
                    9117.009765625,
                    108.6846923828125,
                    5944.1083984375
                ]
            ],
            "UseCooldown": 1
        },
        {
            "Name": "Neptune Resort",
            "Positions": [
                [
                    6213.568359375,
                    173.4896697998047,
                    5262.03125
                ],
                [
                    6631.67919921875,
                    168.74098205566407,
                    5266.03271484375
                ],
                [
                    6614.34765625,
                    108.24797821044922,
                    5546.37548828125
                ],
                [
                    6251.62451171875,
                    163.69932556152345,
                    5202.3408203125
                ],
                [
                    6702.91357421875,
                    144.76589965820313,
                    5345.62939453125
                ],
                [
                    6637.1318359375,
                    122.66055297851563,
                    5451.67333984375
                ]
            ],
            "UseCooldown": 1
        },
        {
            "Name": "Kula",
            "Positions": [
                [
                    5232.71875,
                    141.71438598632813,
                    5293.65673828125
                ],
                [
                    4807.1201171875,
                    177.19137573242188,
                    5325.0927734375
                ],
                [
                    4675.38720703125,
                    175.0123748779297,
                    5285.001953125
                ],
                [
                    4686.98974609375,
                    175.01239013671876,
                    5276.28173828125
                ],
                [
                    4536.58837890625,
                    182.75437927246095,
                    5104.26416015625
                ],
                [
                    4660.01123046875,
                    174.72792053222657,
                    4926.4560546875
                ],
                [
                    4866.9814453125,
                    194.96290588378907,
                    4884.99853515625
                ],
                [
                    5011.79150390625,
                    179.6128387451172,
                    4967.58251953125
                ],
                [
                    5250.353515625,
                    159.67587280273438,
                    5055.75
                ]
            ],
            "UseCooldown": 1
        },
        {
            "Name": "Gulash",
            "Positions": [
                [
                    6486.55078125,
                    103.46519470214844,
                    5980.384765625
                ],
                [
                    6601.89697265625,
                    95.89048767089844,
                    5908.6923828125
                ],
                [
                    6801.81298828125,
                    83.85115814208985,
                    5898.94189453125
                ],
                [
                    6897.4951171875,
                    106.01968383789063,
                    6030.81396484375
                ],
                [
                    6792.0859375,
                    110.90570068359375,
                    6158.3525390625
                ],
                [
                    6366.18212890625,
                    142.95919799804688,
                    6382.85791015625
                ],
                [
                    6232.80859375,
                    139.9827423095703,
                    5965.8037109375
                ],
                [
                    6349.49462890625,
                    124.62517547607422,
                    5962.5048828125
                ],
                [
                    6164.78125,
                    143.90174865722657,
                    6103.17333984375
                ],
                [
                    6079.79833984375,
                    113.39995574951172,
                    6272.31640625
                ],
                [
                    6236.822265625,
                    143.2399139404297,
                    6384.31689453125
                ]
            ],
            "UseCooldown": 1
        },
        {
            "Name": "Lug",
            "Positions": [
                [
                    6214.98583984375,
                    196.8673858642578,
                    6753.58056640625
                ],
                [
                    6448.90625,
                    226.07479858398438,
                    6706.6181640625
                ],
                [
                    6469.884765625,
                    208.48020935058595,
                    6953.3984375
                ],
                [
                    6415.81005859375,
                    200.2705535888672,
                    7123.98583984375
                ],
                [
                    6324.0771484375,
                    209.3680419921875,
                    7236.36474609375
                ],
                [
                    6245.43896484375,
                    212.85501098632813,
                    7221.65380859375
                ],
                [
                    6098.72119140625,
                    220.71923828125,
                    7149.07568359375
                ],
                [
                    5908.77587890625,
                    218.34242248535157,
                    6970.96533203125
                ],
                [
                    5969.068359375,
                    220.18251037597657,
                    6833.82275390625
                ],
                [
                    6095.96630859375,
                    203.9026641845703,
                    6624.93701171875
                ]
            ],
            "UseCooldown": 1
        },
        {
            "Name": "Posetra",